0xB2F38fffEcc051A6929315C04C217a8Da238A6F4,1
0x6c45DB6BA307459a3Ed5EF406C14d4E60AB99179,1
0xFc460ebCACfd23f368b2aC6C43d658e33Fa2F876,1
0x87b72dB3c9257C0647034B53686116d2FfA0f384,1
0x7a725FA605F320d885DFb4545335c72f2C84dc07,1
0xd86203b277a1aFa037E5560632D2fe716aBF1831,1
0x9e942D6f261Ee47EF4213710811872Eb45e720aE,1
0x3781f247C84d86217A17b95F6457c9BfA1212a4B,1
0xd6cbff777d09c788b88cacba20426fd6ef9250ea,1
0xddb2d8f92bac331e34f1f1dc6aec379feac80b90,1
0x7cE3cd9eF1e04bAfF55fEa6083e718bED3D56616,1
0x0282Ef125c9Db4364204516B1f3E7CF0e58077F8,1
0xaB56fF1a71455f25dB4AD3200010a346063E015c,1
0x8EdBf05F103F3BBb0053869e46bc3901D9fFde94,1
0xC07fDF5dcd5cE051c6711F63cC341CeE772A8346,1
0x6Eb302c9D9f1829305d0959718341f736Fdd3dc7,1
0x00e907A24625Fa8450B853e37f83584B7Fb3CFC0,1
0xDaEbf68d1853Ed4f6a5521fDdC33Aa390AD5A432,1
0x92C60Fc3d8b6020A5fd7623CD564fF4508b7315d,1
